{"Train/prior_loss": 1.778068733215332, "_timestamp": 1715753596.222146, "Train/offset_loss": 0.07879345930284924, "Train/grad_norms": 14.161186931518932, "Timing_Stats/Train_Data_Loading": 0.009737292925516764, "Timing_Stats/Train_Process_Batch": 0.0006285349527994792, "Timing_Stats/Train_Train_Batch": 0.09323275089263916, "Timing_Stats/Train_Log_Info": 6.433327992757162e-06, "Timing_Stats/Train_Epoch": 0.10406864881515503, "System/RAM Usage (MB)": 5331, "_runtime": 9334.153456926346, "_step": 100, "Rollout/Return/PickPlaceCan": 0.3, "Rollout/Return/PickPlaceCan/mean": 0.26555555555555554, "Rollout/Return/PickPlaceCan/std": 0.07797593804232333, "Rollout/Return/PickPlaceCan/min": 0.06, "Rollout/Return/PickPlaceCan/max": 0.38, "Rollout/Horizon/PickPlaceCan": 317.26, "Rollout/Horizon/PickPlaceCan/mean": 326.6744444444445, "Rollout/Horizon/PickPlaceCan/std": 21.601451397281984, "Rollout/Horizon/PickPlaceCan/min": 295.96, "Rollout/Horizon/PickPlaceCan/max": 383.68, "Rollout/Success_Rate/PickPlaceCan": 0.3, "Rollout/Success_Rate/PickPlaceCan/mean": 0.26555555555555554, "Rollout/Success_Rate/PickPlaceCan/std": 0.07797593804232333, "Rollout/Success_Rate/PickPlaceCan/min": 0.06, "Rollout/Success_Rate/PickPlaceCan/max": 0.38, "Rollout/time/PickPlaceCan": 9.223690738677979, "Rollout/time/PickPlaceCan/mean": 9.649253115124175, "Rollout/time/PickPlaceCan/std": 0.5930848434719108, "Rollout/time/PickPlaceCan/min": 8.659658498764038, "Rollout/time/PickPlaceCan/max": 11.218402943611146, "Timing_Stats/Rollout_PickPlaceCan_Episode": 7.686408948898316, "_wandb": {"runtime": 9333}}