{"Train/prior_loss": 2.4005137549506292, "_timestamp": 1715744362.07743, "Train/offset_loss": 0.0946781426668167, "Train/grad_norms": 13.07138023883443, "Timing_Stats/Train_Data_Loading": 0.009872194131215413, "Timing_Stats/Train_Process_Batch": 0.0006072521209716797, "Timing_Stats/Train_Train_Batch": 0.09271456400553385, "Timing_Stats/Train_Log_Info": 6.449222564697266e-06, "Timing_Stats/Train_Epoch": 0.10362675587336222, "System/RAM Usage (MB)": 5195, "_runtime": 100.00874090194702, "_step": 14}