{"Train/prior_loss": 2.460564120203002, "_timestamp": 1715741539.767491, "Train/offset_loss": 0.09482635697747907, "Train/grad_norms": 11.675363347596113, "Timing_Stats/Train_Data_Loading": 0.012811279296875, "Timing_Stats/Train_Process_Batch": 0.0007684787114461263, "Timing_Stats/Train_Train_Batch": 0.12409090201059977, "Timing_Stats/Train_Log_Info": 7.5658162434895836e-06, "Timing_Stats/Train_Epoch": 0.13816073338190715, "System/RAM Usage (MB)": 5266, "_runtime": 127.34382009506226, "_step": 14}