{"Train/prior_loss": 2.902022477742788, "_timestamp": 1715978821.471161, "Train/offset_loss": 0.09690075508646064, "Train/grad_norms": 0.6508256976469956, "Timing_Stats/Train_Data_Loading": 0.00441515843073527, "Timing_Stats/Train_Process_Batch": 0.0010429739952087403, "Timing_Stats/Train_Train_Batch": 0.07703384160995483, "Timing_Stats/Train_Log_Info": 3.337860107421875e-06, "Timing_Stats/Train_Epoch": 0.08286511103312175, "System/RAM Usage (MB)": 5233, "_runtime": 5620.459040880203, "_step": 200, "Rollout/Return/Lift": 0.38, "Rollout/Return/Lift/mean": 0.355, "Rollout/Return/Lift/std": 0.09456038635002856, "Rollout/Return/Lift/min": 0.22, "Rollout/Return/Lift/max": 0.5, "Rollout/Horizon/Lift": 285.24, "Rollout/Horizon/Lift/mean": 289.78000000000003, "Rollout/Horizon/Lift/std": 26.553412837775358, "Rollout/Horizon/Lift/min": 242.22, "Rollout/Horizon/Lift/max": 332.74, "Rollout/Success_Rate/Lift": 0.38, "Rollout/Success_Rate/Lift/mean": 0.355, "Rollout/Success_Rate/Lift/std": 0.09456038635002856, "Rollout/Success_Rate/Lift/min": 0.22, "Rollout/Success_Rate/Lift/max": 0.5, "Rollout/time/Lift": 10.010225358009338, "Rollout/time/Lift/mean": 8.524234843254089, "Rollout/time/Lift/std": 0.7691595606326103, "Rollout/time/Lift/min": 7.085375857353211, "Rollout/time/Lift/max": 10.010225358009338, "Timing_Stats/Rollout_Lift_Episode": 8.341854465007781, "_wandb": {"runtime": 5620}}