{"Train/prior_loss": 2.8604092046249012, "_timestamp": 1715728532.1939554, "Train/offset_loss": 0.057129694256654456, "Train/grad_norms": 12.38917196330613, "Timing_Stats/Train_Data_Loading": 0.017891828219095865, "Timing_Stats/Train_Process_Batch": 0.0011982202529907226, "Timing_Stats/Train_Train_Batch": 0.13877413272857667, "Timing_Stats/Train_Log_Info": 1.3558069864908854e-05, "Timing_Stats/Train_Epoch": 0.15866310596466066, "System/RAM Usage (MB)": 5391, "_runtime": 3687.3203523159027, "_step": 50, "Rollout/Return/Lift": 0.72, "Rollout/Return/Lift/mean": 0.6475, "Rollout/Return/Lift/std": 0.14385322380815802, "Rollout/Return/Lift/min": 0.32, "Rollout/Return/Lift/max": 0.8, "Rollout/Horizon/Lift": 227.18, "Rollout/Horizon/Lift/mean": 254.165, "Rollout/Horizon/Lift/std": 32.42744478061754, "Rollout/Horizon/Lift/min": 224.32, "Rollout/Horizon/Lift/max": 330.02, "Rollout/Success_Rate/Lift": 0.72, "Rollout/Success_Rate/Lift/mean": 0.6475, "Rollout/Success_Rate/Lift/std": 0.14385322380815802, "Rollout/Success_Rate/Lift/min": 0.32, "Rollout/Success_Rate/Lift/max": 0.8, "Rollout/time/Lift": 7.1915452098846435, "Rollout/time/Lift/mean": 7.979176436066628, "Rollout/time/Lift/std": 0.8718717544643877, "Rollout/time/Lift/min": 7.170683088302613, "Rollout/time/Lift/max": 9.996311860084534, "Timing_Stats/Rollout_Lift_Episode": 5.992954341570536, "_wandb": {"runtime": 3686}}