{"Train/prior_loss": 3.158163510078241, "_timestamp": 1715977659.773207, "Train/offset_loss": 0.0753370363973389, "Train/grad_norms": 0.9652232068238387, "Timing_Stats/Train_Data_Loading": 0.013749074935913087, "Timing_Stats/Train_Process_Batch": 0.0009037017822265625, "Timing_Stats/Train_Train_Batch": 0.10432365735371908, "Timing_Stats/Train_Log_Info": 1.0375181833902995e-05, "Timing_Stats/Train_Epoch": 0.11964306831359864, "System/RAM Usage (MB)": 5405, "_runtime": 4539.8140778541565, "_step": 200, "Rollout/Return/Lift": 1.0, "Rollout/Return/Lift/mean": 0.9266666666666667, "Rollout/Return/Lift/std": 0.12814921857827388, "Rollout/Return/Lift/min": 0.54, "Rollout/Return/Lift/max": 1.0, "Rollout/Horizon/Lift": 127.3, "Rollout/Horizon/Lift/mean": 167.08333333333331, "Rollout/Horizon/Lift/std": 47.55760495324474, "Rollout/Horizon/Lift/min": 127.3, "Rollout/Horizon/Lift/max": 287.94, "Rollout/Success_Rate/Lift": 1.0, "Rollout/Success_Rate/Lift/mean": 0.9266666666666667, "Rollout/Success_Rate/Lift/std": 0.12814921857827388, "Rollout/Success_Rate/Lift/min": 0.54, "Rollout/Success_Rate/Lift/max": 1.0, "Rollout/time/Lift": 4.021473340988159, "Rollout/time/Lift/mean": 5.065088339249293, "Rollout/time/Lift/std": 1.2238267944681018, "Rollout/time/Lift/min": 4.021473340988159, "Rollout/time/Lift/max": 8.15246778011322, "Timing_Stats/Rollout_Lift_Episode": 3.3512277841567992, "_wandb": {"runtime": 4539}}