{"Train/prior_loss": 2.987301990720961, "_timestamp": 1715980852.986375, "Train/offset_loss": 0.14798667083183925, "Train/grad_norms": 0.867634323209279, "Timing_Stats/Train_Data_Loading": 0.014225379625956217, "Timing_Stats/Train_Process_Batch": 0.0010871330897013346, "Timing_Stats/Train_Train_Batch": 0.09325297673543294, "Timing_Stats/Train_Log_Info": 8.169809977213541e-06, "Timing_Stats/Train_Epoch": 0.10917397737503051, "System/RAM Usage (MB)": 5227, "_runtime": 7480.646555185318, "_step": 165, "Rollout/Return/PickPlaceCan": 0.56, "Rollout/Return/PickPlaceCan/mean": 0.242, "Rollout/Return/PickPlaceCan/std": 0.14098226838861688, "Rollout/Return/PickPlaceCan/min": 0.08, "Rollout/Return/PickPlaceCan/max": 0.56, "Rollout/Horizon/PickPlaceCan": 258.8, "Rollout/Horizon/PickPlaceCan/mean": 341.572, "Rollout/Horizon/PickPlaceCan/std": 35.83228845608385, "Rollout/Horizon/PickPlaceCan/min": 258.8, "Rollout/Horizon/PickPlaceCan/max": 379.58, "Rollout/Success_Rate/PickPlaceCan": 0.56, "Rollout/Success_Rate/PickPlaceCan/mean": 0.242, "Rollout/Success_Rate/PickPlaceCan/std": 0.14098226838861688, "Rollout/Success_Rate/PickPlaceCan/min": 0.08, "Rollout/Success_Rate/PickPlaceCan/max": 0.56, "Rollout/time/PickPlaceCan": 10.2796049451828, "Rollout/time/PickPlaceCan/mean": 12.659911885261536, "Rollout/time/PickPlaceCan/std": 1.0999573687179816, "Rollout/time/PickPlaceCan/min": 10.2796049451828, "Rollout/time/PickPlaceCan/max": 14.026598086357117, "Timing_Stats/Rollout_PickPlaceCan_Episode": 8.566337454319001}