{"Train/prior_loss": 2.9946474658118354, "_timestamp": 1715980296.4246294, "Train/offset_loss": 0.14768384065892962, "Train/grad_norms": 0.8317689743036201, "Timing_Stats/Train_Data_Loading": 0.014208018779754639, "Timing_Stats/Train_Process_Batch": 0.004201626777648926, "Timing_Stats/Train_Train_Batch": 0.14539224306742352, "Timing_Stats/Train_Log_Info": 8.376439412434896e-06, "Timing_Stats/Train_Epoch": 0.16486526727676393, "System/RAM Usage (MB)": 5225, "_runtime": 6924.084809541702, "_step": 159, "Rollout/Return/PickPlaceCan": 0.34, "Rollout/Return/PickPlaceCan/mean": 0.20666666666666667, "Rollout/Return/PickPlaceCan/std": 0.09797958971132713, "Rollout/Return/PickPlaceCan/min": 0.08, "Rollout/Return/PickPlaceCan/max": 0.34, "Rollout/Horizon/PickPlaceCan": 311.64, "Rollout/Horizon/PickPlaceCan/mean": 350.76888888888885, "Rollout/Horizon/PickPlaceCan/std": 24.099516105997022, "Rollout/Horizon/PickPlaceCan/min": 311.64, "Rollout/Horizon/PickPlaceCan/max": 379.58, "Rollout/Success_Rate/PickPlaceCan": 0.34, "Rollout/Success_Rate/PickPlaceCan/mean": 0.20666666666666667, "Rollout/Success_Rate/PickPlaceCan/std": 0.09797958971132713, "Rollout/Success_Rate/PickPlaceCan/min": 0.08, "Rollout/Success_Rate/PickPlaceCan/max": 0.34, "Rollout/time/PickPlaceCan": 11.601648025512695, "Rollout/time/PickPlaceCan/mean": 12.924390434159173, "Rollout/time/PickPlaceCan/std": 0.8030262812594108, "Rollout/time/PickPlaceCan/min": 11.601648025512695, "Rollout/time/PickPlaceCan/max": 14.026598086357117, "Timing_Stats/Rollout_PickPlaceCan_Episode": 9.668040021260579}