{"Train/prior_loss": 2.298570181872394, "_timestamp": 1715741619.15739, "Train/offset_loss": 0.07196020435642551, "Train/grad_norms": 10.982000864429683, "Timing_Stats/Train_Data_Loading": 0.003901211420694987, "Timing_Stats/Train_Process_Batch": 0.0002515713373819987, "Timing_Stats/Train_Train_Batch": 0.038411188125610354, "Timing_Stats/Train_Log_Info": 2.753734588623047e-06, "Timing_Stats/Train_Epoch": 0.0427972674369812, "System/RAM Usage (MB)": 5079, "_runtime": 47.93595910072327, "_step": 14}