{"Train/prior_loss": 2.4005132463243273, "_timestamp": 1715741601.9459867, "Train/offset_loss": 0.09468809879488416, "Train/grad_norms": 13.070722399576137, "Timing_Stats/Train_Data_Loading": 0.012457430362701416, "Timing_Stats/Train_Process_Batch": 0.000694580872853597, "Timing_Stats/Train_Train_Batch": 0.09967912435531616, "Timing_Stats/Train_Log_Info": 7.466475168863932e-06, "Timing_Stats/Train_Epoch": 0.11331744988759358, "System/RAM Usage (MB)": 5196, "_runtime": 100.91071081161499, "_step": 14}