{"Train/prior_loss": 3.191901527510749, "_timestamp": 1715744774.5285096, "Train/offset_loss": 0.09849757071998384, "Train/grad_norms": 8.172573961285211, "Timing_Stats/Train_Data_Loading": 0.007837597529093425, "Timing_Stats/Train_Process_Batch": 0.000586990515391032, "Timing_Stats/Train_Train_Batch": 0.08985100189844768, "Timing_Stats/Train_Log_Info": 5.32070795694987e-06, "Timing_Stats/Train_Epoch": 0.0986532727877299, "System/RAM Usage (MB)": 5196, "_runtime": 103.50559067726135, "_step": 14}