{"Train/prior_loss": 2.258617091178894, "_timestamp": 1715754340.0399125, "Train/offset_loss": 0.07532474224766096, "Train/grad_norms": 10.513845683169489, "Timing_Stats/Train_Data_Loading": 0.010412915547688802, "Timing_Stats/Train_Process_Batch": 0.0006853302319844563, "Timing_Stats/Train_Train_Batch": 0.09467549721399943, "Timing_Stats/Train_Log_Info": 6.286303202311198e-06, "Timing_Stats/Train_Epoch": 0.10625340143839518, "System/RAM Usage (MB)": 5356, "_runtime": 9669.016993522644, "_step": 100, "Rollout/Return/PickPlaceCan": 0.26, "Rollout/Return/PickPlaceCan/mean": 0.21555555555555556, "Rollout/Return/PickPlaceCan/std": 0.0836807572611677, "Rollout/Return/PickPlaceCan/min": 0.08, "Rollout/Return/PickPlaceCan/max": 0.4, "Rollout/Horizon/PickPlaceCan": 326.7, "Rollout/Horizon/PickPlaceCan/mean": 339.6744444444444, "Rollout/Horizon/PickPlaceCan/std": 24.177408927946264, "Rollout/Horizon/PickPlaceCan/min": 286.2, "Rollout/Horizon/PickPlaceCan/max": 378.94, "Rollout/Success_Rate/PickPlaceCan": 0.26, "Rollout/Success_Rate/PickPlaceCan/mean": 0.21555555555555556, "Rollout/Success_Rate/PickPlaceCan/std": 0.0836807572611677, "Rollout/Success_Rate/PickPlaceCan/min": 0.08, "Rollout/Success_Rate/PickPlaceCan/max": 0.4, "Rollout/time/PickPlaceCan": 9.222961945533752, "Rollout/time/PickPlaceCan/mean": 10.018872284359402, "Rollout/time/PickPlaceCan/std": 0.7828790313171057, "Rollout/time/PickPlaceCan/min": 8.387265801429749, "Rollout/time/PickPlaceCan/max": 11.307455563545227, "Timing_Stats/Rollout_PickPlaceCan_Episode": 7.685801621278127, "_wandb": {"runtime": 9668}}