{"Train/prior_loss": 3.45122966690669, "_timestamp": 1715980548.9395385, "Train/offset_loss": 0.09343099970193136, "Train/grad_norms": 1.2257583536425674, "Timing_Stats/Train_Data_Loading": 0.05478806098302205, "Timing_Stats/Train_Process_Batch": 0.003148643175760905, "Timing_Stats/Train_Train_Batch": 0.3172530730565389, "Timing_Stats/Train_Log_Info": 3.134409586588542e-05, "Timing_Stats/Train_Epoch": 0.37716441551844276, "System/RAM Usage (MB)": 5715, "_runtime": 7087.966343402863, "_step": 119, "Rollout/Return/NutAssemblySquare": 0.18, "Rollout/Return/NutAssemblySquare/mean": 0.09666666666666668, "Rollout/Return/NutAssemblySquare/std": 0.07156970184527962, "Rollout/Return/NutAssemblySquare/min": 0.0, "Rollout/Return/NutAssemblySquare/max": 0.2, "Rollout/Horizon/NutAssemblySquare": 378.18, "Rollout/Horizon/NutAssemblySquare/mean": 387.9066666666667, "Rollout/Horizon/NutAssemblySquare/std": 10.040688334084578, "Rollout/Horizon/NutAssemblySquare/min": 370.92, "Rollout/Horizon/NutAssemblySquare/max": 400.0, "Rollout/Success_Rate/NutAssemblySquare": 0.18, "Rollout/Success_Rate/NutAssemblySquare/mean": 0.09666666666666668, "Rollout/Success_Rate/NutAssemblySquare/std": 0.07156970184527962, "Rollout/Success_Rate/NutAssemblySquare/min": 0.0, "Rollout/Success_Rate/NutAssemblySquare/max": 0.2, "Rollout/time/NutAssemblySquare": 15.07530258178711, "Rollout/time/NutAssemblySquare/mean": 15.001227912108105, "Rollout/time/NutAssemblySquare/std": 0.15701119267396493, "Rollout/time/NutAssemblySquare/min": 14.830632162094116, "Rollout/time/NutAssemblySquare/max": 15.243267912864685, "Timing_Stats/Rollout_NutAssemblySquare_Episode": 12.562752151489258}