{"Train/prior_loss": 2.4873466298386857, "_timestamp": 1715750591.2897856, "Train/offset_loss": 0.060155966495339934, "Train/grad_norms": 13.528809907127197, "Timing_Stats/Train_Data_Loading": 0.004236451784769694, "Timing_Stats/Train_Process_Batch": 0.0002921899159749349, "Timing_Stats/Train_Train_Batch": 0.04049315055211385, "Timing_Stats/Train_Log_Info": 2.7219454447428384e-06, "Timing_Stats/Train_Epoch": 0.04523526032765706, "System/RAM Usage (MB)": 5124, "_runtime": 5974.386208534241, "_step": 100, "Rollout/Return/Lift": 0.58, "Rollout/Return/Lift/mean": 0.5033333333333334, "Rollout/Return/Lift/std": 0.14364307617610161, "Rollout/Return/Lift/min": 0.22, "Rollout/Return/Lift/max": 0.7, "Rollout/Horizon/Lift": 217.02, "Rollout/Horizon/Lift/mean": 236.06888888888892, "Rollout/Horizon/Lift/std": 45.42941740141621, "Rollout/Horizon/Lift/min": 179.08, "Rollout/Horizon/Lift/max": 326.74, "Rollout/Success_Rate/Lift": 0.58, "Rollout/Success_Rate/Lift/mean": 0.5033333333333334, "Rollout/Success_Rate/Lift/std": 0.14364307617610161, "Rollout/Success_Rate/Lift/min": 0.22, "Rollout/Success_Rate/Lift/max": 0.7, "Rollout/time/Lift": 5.845403881072998, "Rollout/time/Lift/mean": 6.335241425302294, "Rollout/time/Lift/std": 1.0777794135520802, "Rollout/time/Lift/min": 4.994967813491821, "Rollout/time/Lift/max": 8.47919891834259, "Timing_Stats/Rollout_Lift_Episode": 4.871169900894165, "_wandb": {"runtime": 5972}}