{"Train/prior_loss": 3.3446246224480705, "_timestamp": 1715744662.7036283, "Train/offset_loss": 0.08456948862687962, "Train/grad_norms": 7.135847375629817, "Timing_Stats/Train_Data_Loading": 0.003672802448272705, "Timing_Stats/Train_Process_Batch": 0.00026418368021647134, "Timing_Stats/Train_Train_Batch": 0.040012057622273764, "Timing_Stats/Train_Log_Info": 2.6702880859375e-06, "Timing_Stats/Train_Epoch": 0.04413990577061971, "System/RAM Usage (MB)": 5077, "_runtime": 45.80005121231079, "_step": 14}