{"Train/prior_loss": 3.4770010699573746, "_timestamp": 1715744851.0211473, "Train/offset_loss": 0.10973924557622682, "Train/grad_norms": 7.9265692497948645, "Timing_Stats/Train_Data_Loading": 0.013395325342814127, "Timing_Stats/Train_Process_Batch": 0.0008292277654012044, "Timing_Stats/Train_Train_Batch": 0.12360464731852214, "Timing_Stats/Train_Log_Info": 8.237361907958984e-06, "Timing_Stats/Train_Epoch": 0.13841871817906698, "System/RAM Usage (MB)": 5262, "_runtime": 106.35695314407349, "_step": 11}