{"Train/prior_loss": 2.3451728229848747, "_timestamp": 1715755185.3107321, "Train/offset_loss": 0.08022163305272403, "Train/grad_norms": 11.43072725010021, "Timing_Stats/Train_Data_Loading": 0.012502857049306234, "Timing_Stats/Train_Process_Batch": 0.0008188525835673015, "Timing_Stats/Train_Train_Batch": 0.1233924905459086, "Timing_Stats/Train_Log_Info": 8.579095204671224e-06, "Timing_Stats/Train_Epoch": 0.1373327334721883, "System/RAM Usage (MB)": 5417, "_runtime": 10440.64653801918, "_step": 100, "Rollout/Return/NutAssemblySquare": 0.12, "Rollout/Return/NutAssemblySquare/mean": 0.20888888888888887, "Rollout/Return/NutAssemblySquare/std": 0.09409740159884501, "Rollout/Return/NutAssemblySquare/min": 0.06, "Rollout/Return/NutAssemblySquare/max": 0.38, "Rollout/Horizon/NutAssemblySquare": 373.46, "Rollout/Horizon/NutAssemblySquare/mean": 351.1555555555555, "Rollout/Horizon/NutAssemblySquare/std": 22.357035736286242, "Rollout/Horizon/NutAssemblySquare/min": 310.96, "Rollout/Horizon/NutAssemblySquare/max": 385.26, "Rollout/Success_Rate/NutAssemblySquare": 0.12, "Rollout/Success_Rate/NutAssemblySquare/mean": 0.20888888888888887, "Rollout/Success_Rate/NutAssemblySquare/std": 0.09409740159884501, "Rollout/Success_Rate/NutAssemblySquare/min": 0.06, "Rollout/Success_Rate/NutAssemblySquare/max": 0.38, "Rollout/time/NutAssemblySquare": 10.614519810676574, "Rollout/time/NutAssemblySquare/mean": 10.654110989835527, "Rollout/time/NutAssemblySquare/std": 0.7246584425213787, "Rollout/time/NutAssemblySquare/min": 9.209033489227295, "Rollout/time/NutAssemblySquare/max": 11.715328149795532, "Timing_Stats/Rollout_NutAssemblySquare_Episode": 8.845433175563812, "_wandb": {"runtime": 10440}}