{"Train/prior_loss": 3.4646640863174047, "_timestamp": 1715979869.1750646, "Train/offset_loss": 0.12440051743362704, "Train/grad_norms": 1.065918297782638, "Timing_Stats/Train_Data_Loading": 0.013693928718566895, "Timing_Stats/Train_Process_Batch": 0.00099485715230306, "Timing_Stats/Train_Train_Batch": 0.10981380542119344, "Timing_Stats/Train_Log_Info": 9.10361607869466e-06, "Timing_Stats/Train_Epoch": 0.12513635953267416, "System/RAM Usage (MB)": 5289, "_runtime": 6376.617553472519, "_step": 139, "Rollout/Return/NutAssemblySquare": 0.04, "Rollout/Return/NutAssemblySquare/mean": 0.025714285714285717, "Rollout/Return/NutAssemblySquare/std": 0.017612611437054216, "Rollout/Return/NutAssemblySquare/min": 0.0, "Rollout/Return/NutAssemblySquare/max": 0.06, "Rollout/Horizon/NutAssemblySquare": 393.1, "Rollout/Horizon/NutAssemblySquare/mean": 397.06571428571425, "Rollout/Horizon/NutAssemblySquare/std": 2.377602977447518, "Rollout/Horizon/NutAssemblySquare/min": 393.1, "Rollout/Horizon/NutAssemblySquare/max": 400.0, "Rollout/Success_Rate/NutAssemblySquare": 0.04, "Rollout/Success_Rate/NutAssemblySquare/mean": 0.025714285714285717, "Rollout/Success_Rate/NutAssemblySquare/std": 0.017612611437054216, "Rollout/Success_Rate/NutAssemblySquare/min": 0.0, "Rollout/Success_Rate/NutAssemblySquare/max": 0.06, "Rollout/time/NutAssemblySquare": 16.954520335197447, "Rollout/time/NutAssemblySquare/mean": 14.886067533493042, "Rollout/time/NutAssemblySquare/std": 0.8693422688079625, "Rollout/time/NutAssemblySquare/min": 14.220199842453003, "Rollout/time/NutAssemblySquare/max": 16.954520335197447, "Timing_Stats/Rollout_NutAssemblySquare_Episode": 14.128766945997874}