{"Train/prior_loss": 2.851174393478705, "_timestamp": 1715729884.0464482, "Train/offset_loss": 0.07292173492665194, "Train/grad_norms": 7.803844667710855, "Timing_Stats/Train_Data_Loading": 0.03890727361043294, "Timing_Stats/Train_Process_Batch": 0.002300894260406494, "Timing_Stats/Train_Train_Batch": 0.27864849964777627, "Timing_Stats/Train_Log_Info": 2.87016232808431e-05, "Timing_Stats/Train_Epoch": 0.32160077889760336, "System/RAM Usage (MB)": 5668, "_runtime": 4907.273964166641, "_step": 50, "Rollout/Return/PickPlaceCan": 0.74, "Rollout/Return/PickPlaceCan/mean": 0.6724999999999999, "Rollout/Return/PickPlaceCan/std": 0.06851094803022359, "Rollout/Return/PickPlaceCan/min": 0.56, "Rollout/Return/PickPlaceCan/max": 0.74, "Rollout/Horizon/PickPlaceCan": 262.6, "Rollout/Horizon/PickPlaceCan/mean": 269.5025, "Rollout/Horizon/PickPlaceCan/std": 14.595877628631994, "Rollout/Horizon/PickPlaceCan/min": 252.36, "Rollout/Horizon/PickPlaceCan/max": 297.56, "Rollout/Success_Rate/PickPlaceCan": 0.74, "Rollout/Success_Rate/PickPlaceCan/mean": 0.6724999999999999, "Rollout/Success_Rate/PickPlaceCan/std": 0.06851094803022359, "Rollout/Success_Rate/PickPlaceCan/min": 0.56, "Rollout/Success_Rate/PickPlaceCan/max": 0.74, "Rollout/time/PickPlaceCan": 9.380056471824647, "Rollout/time/PickPlaceCan/mean": 9.802921477556229, "Rollout/time/PickPlaceCan/std": 0.547682894379282, "Rollout/time/PickPlaceCan/min": 9.147951202392578, "Rollout/time/PickPlaceCan/max": 10.816937470436097, "Timing_Stats/Rollout_PickPlaceCan_Episode": 7.816713726520538, "_wandb": {"runtime": 4906}}