{"Train/prior_loss": 3.1761301079311886, "_timestamp": 1715741389.2317173, "Train/offset_loss": 0.07758875150938292, "Train/grad_norms": 11.94039517565571, "Timing_Stats/Train_Data_Loading": 0.0035018761952718097, "Timing_Stats/Train_Process_Batch": 0.00024898449579874673, "Timing_Stats/Train_Train_Batch": 0.03811228672663371, "Timing_Stats/Train_Log_Info": 2.9007593790690103e-06, "Timing_Stats/Train_Epoch": 0.04206082820892334, "System/RAM Usage (MB)": 5093, "_runtime": 501.7753872871399, "_step": 19, "Rollout/Return/Lift": 0.2, "Rollout/Return/Lift/mean": 0.2, "Rollout/Return/Lift/std": 0.0, "Rollout/Return/Lift/min": 0.2, "Rollout/Return/Lift/max": 0.2, "Rollout/Horizon/Lift": 334.66, "Rollout/Horizon/Lift/mean": 334.66, "Rollout/Horizon/Lift/std": 0.0, "Rollout/Horizon/Lift/min": 334.66, "Rollout/Horizon/Lift/max": 334.66, "Rollout/Success_Rate/Lift": 0.2, "Rollout/Success_Rate/Lift/mean": 0.2, "Rollout/Success_Rate/Lift/std": 0.0, "Rollout/Success_Rate/Lift/min": 0.2, "Rollout/Success_Rate/Lift/max": 0.2, "Rollout/time/Lift": 8.81953516960144, "Rollout/time/Lift/mean": 8.81953516960144, "Rollout/time/Lift/std": 0.0, "Rollout/time/Lift/min": 8.81953516960144, "Rollout/time/Lift/max": 8.81953516960144, "Timing_Stats/Rollout_Lift_Episode": 7.3496126413345335}