{"Train/prior_loss": 2.460564120203002, "_timestamp": 1715744562.16351, "Train/offset_loss": 0.09482635697747907, "Train/grad_norms": 11.675363347596113, "Timing_Stats/Train_Data_Loading": 0.011282849311828613, "Timing_Stats/Train_Process_Batch": 0.0008018255233764648, "Timing_Stats/Train_Train_Batch": 0.1243157426516215, "Timing_Stats/Train_Log_Info": 7.152557373046875e-06, "Timing_Stats/Train_Epoch": 0.13688896099726358, "System/RAM Usage (MB)": 5262, "_runtime": 125.82210612297058, "_step": 14}