{"Train/prior_loss": 1.802888702123593, "_timestamp": 1715755539.187804, "Train/offset_loss": 0.07907003552740456, "Train/grad_norms": 12.209572108529834, "Timing_Stats/Train_Data_Loading": 0.011650307973225912, "Timing_Stats/Train_Process_Batch": 0.0007601141929626465, "Timing_Stats/Train_Train_Batch": 0.12168687582015991, "Timing_Stats/Train_Log_Info": 7.68899917602539e-06, "Timing_Stats/Train_Epoch": 0.1346543828646342, "System/RAM Usage (MB)": 5417, "_runtime": 11102.846400022507, "_step": 100, "Rollout/Return/NutAssemblySquare": 0.28, "Rollout/Return/NutAssemblySquare/mean": 0.17333333333333334, "Rollout/Return/NutAssemblySquare/std": 0.061824123303304696, "Rollout/Return/NutAssemblySquare/min": 0.06, "Rollout/Return/NutAssemblySquare/max": 0.28, "Rollout/Horizon/NutAssemblySquare": 337.06, "Rollout/Horizon/NutAssemblySquare/mean": 360.51, "Rollout/Horizon/NutAssemblySquare/std": 14.042038867470616, "Rollout/Horizon/NutAssemblySquare/min": 337.06, "Rollout/Horizon/NutAssemblySquare/max": 384.5, "Rollout/Success_Rate/NutAssemblySquare": 0.28, "Rollout/Success_Rate/NutAssemblySquare/mean": 0.17333333333333334, "Rollout/Success_Rate/NutAssemblySquare/std": 0.061824123303304696, "Rollout/Success_Rate/NutAssemblySquare/min": 0.06, "Rollout/Success_Rate/NutAssemblySquare/max": 0.28, "Rollout/time/NutAssemblySquare": 10.274704604148864, "Rollout/time/NutAssemblySquare/mean": 11.402902302742005, "Rollout/time/NutAssemblySquare/std": 0.6558039930137816, "Rollout/time/NutAssemblySquare/min": 10.152587413787842, "Rollout/time/NutAssemblySquare/max": 12.27855233669281, "Timing_Stats/Rollout_NutAssemblySquare_Episode": 8.56225383679072, "_wandb": {"runtime": 11102}}