{"Train/prior_loss": 1.8619493242891076, "_timestamp": 1715760650.03889, "Train/offset_loss": 0.059339893005668796, "Train/grad_norms": 44.954985939017476, "Timing_Stats/Train_Data_Loading": 0.0442620038986206, "Timing_Stats/Train_Process_Batch": 0.0026581843694051107, "Timing_Stats/Train_Train_Batch": 0.39226186672846475, "Timing_Stats/Train_Log_Info": 2.776781717936198e-05, "Timing_Stats/Train_Epoch": 0.4407828450202942, "System/RAM Usage (MB)": 6726, "_runtime": 16501.36180996895, "_step": 100, "Rollout/Return/ToolHang": 0.02, "Rollout/Return/ToolHang/mean": 0.0022222222222222222, "Rollout/Return/ToolHang/std": 0.006285393610547089, "Rollout/Return/ToolHang/min": 0.0, "Rollout/Return/ToolHang/max": 0.02, "Rollout/Horizon/ToolHang": 399.88, "Rollout/Horizon/ToolHang/mean": 399.94, "Rollout/Horizon/ToolHang/std": 0.21999999999999542, "Rollout/Horizon/ToolHang/min": 399.04, "Rollout/Horizon/ToolHang/max": 400.0, "Rollout/Success_Rate/ToolHang": 0.02, "Rollout/Success_Rate/ToolHang/mean": 0.0022222222222222222, "Rollout/Success_Rate/ToolHang/std": 0.006285393610547089, "Rollout/Success_Rate/ToolHang/min": 0.0, "Rollout/Success_Rate/ToolHang/max": 0.02, "Rollout/time/ToolHang": 13.996189994812012, "Rollout/time/ToolHang/mean": 15.256743755605486, "Rollout/time/ToolHang/std": 0.7935893406029909, "Rollout/time/ToolHang/min": 13.94969123363495, "Rollout/time/ToolHang/max": 16.170910210609435, "Timing_Stats/Rollout_ToolHang_Episode": 11.663491662343343, "_wandb": {"runtime": 16500}}