{"Train/prior_loss": 2.4580531196798234, "_timestamp": 1715744559.2307127, "Train/offset_loss": 0.06983439632278075, "Train/grad_norms": 27.34888364627273, "Timing_Stats/Train_Data_Loading": 0.05012128750483195, "Timing_Stats/Train_Process_Batch": 0.002773880958557129, "Timing_Stats/Train_Train_Batch": 0.38966389497121173, "Timing_Stats/Train_Log_Info": 2.7052561442057292e-05, "Timing_Stats/Train_Epoch": 0.4442549665768941, "System/RAM Usage (MB)": 6576, "_runtime": 410.55363273620605, "_step": 14}