{"Train/recon_loss": 0.057761890927747805, "_timestamp": 1715288062.7824793, "Train/aux_loss": 0.0, "Train/grad_norms": 0.36866311025680254, "Train/pp": 0.6223591566085815, "Train/pp_sample": 0.9586136798469388, "Timing_Stats/Train_Data_Loading": 0.03329848448435466, "Timing_Stats/Train_Process_Batch": 0.001078041394551595, "Timing_Stats/Train_Train_Batch": 0.29926859537760414, "Timing_Stats/Train_Log_Info": 2.4080276489257812e-05, "Timing_Stats/Train_Epoch": 0.3350022077560425, "System/RAM Usage (MB)": 5431, "_runtime": 220.39664340019226, "_step": 10}