{"Train/recon_loss": 0.05418620562675048, "_timestamp": 1715288143.5867643, "Train/aux_loss": 0.0, "Train/grad_norms": 0.3368652191769715, "Train/pp": 0.6575591564178467, "Train/pp_sample": 0.9597895408163265, "Timing_Stats/Train_Data_Loading": 0.03332918087641398, "Timing_Stats/Train_Process_Batch": 0.0010814666748046875, "Timing_Stats/Train_Train_Batch": 0.3005083123842875, "Timing_Stats/Train_Log_Info": 2.7227401733398438e-05, "Timing_Stats/Train_Epoch": 0.3362964431444804, "System/RAM Usage (MB)": 5431, "_runtime": 301.20092844963074, "_step": 14}