{"Train/recon_loss": 0.07291879103500015, "_timestamp": 1715287940.9035702, "Train/aux_loss": 0.0, "Train/grad_norms": 0.4130449970257754, "Train/pp": 0.49087753891944885, "Train/pp_sample": 0.950179368622449, "Timing_Stats/Train_Data_Loading": 0.03770673672358195, "Timing_Stats/Train_Process_Batch": 0.0011399507522583008, "Timing_Stats/Train_Train_Batch": 0.3028087019920349, "Timing_Stats/Train_Log_Info": 2.9826164245605467e-05, "Timing_Stats/Train_Epoch": 0.34304306507110593, "System/RAM Usage (MB)": 5432, "_runtime": 98.51773428916931, "_step": 4}