{"Train/recon_loss": 0.04285677747458828, "_timestamp": 1715289909.7696786, "Train/aux_loss": 0.0, "Train/grad_norms": 0.05486848465367085, "Train/pp": 0.7434448599815369, "Train/pp_sample": 0.9530014349489796, "Timing_Stats/Train_Data_Loading": 0.03602333068847656, "Timing_Stats/Train_Process_Batch": 0.0010552128156026204, "Timing_Stats/Train_Train_Batch": 0.30308531522750853, "Timing_Stats/Train_Log_Info": 2.4549166361490886e-05, "Timing_Stats/Train_Epoch": 0.34152332146962483, "System/RAM Usage (MB)": 5432, "_runtime": 2067.3838427066803, "_step": 100, "_wandb": {"runtime": 2066}}