{"Train/recon_loss": 0.059012982218849416, "_timestamp": 1715288042.677488, "Train/aux_loss": 0.0, "Train/grad_norms": 0.3750424564379665, "Train/pp": 0.6086530685424805, "Train/pp_sample": 0.9586495535714286, "Timing_Stats/Train_Data_Loading": 0.03477989037831624, "Timing_Stats/Train_Process_Batch": 0.0011221845944722495, "Timing_Stats/Train_Train_Batch": 0.30757381916046145, "Timing_Stats/Train_Log_Info": 2.4819374084472655e-05, "Timing_Stats/Train_Epoch": 0.34480638106664024, "System/RAM Usage (MB)": 5431, "_runtime": 200.2916522026062, "_step": 9}