{"Train/recon_loss": 0.050725634304844607, "_timestamp": 1715288307.3972495, "Train/aux_loss": 0.0, "Train/grad_norms": 0.336176138926251, "Train/pp": 0.6917632222175598, "Train/pp_sample": 0.9614736128826531, "Timing_Stats/Train_Data_Loading": 0.037704710165659586, "Timing_Stats/Train_Process_Batch": 0.0011748393376668294, "Timing_Stats/Train_Train_Batch": 0.30744621753692625, "Timing_Stats/Train_Log_Info": 2.60313351949056e-05, "Timing_Stats/Train_Epoch": 0.34772429466247556, "System/RAM Usage (MB)": 5432, "_runtime": 465.01141357421875, "_step": 22}