{"Train/prior_loss": 2.2985792933283626, "_timestamp": 1715744541.2936666, "Train/offset_loss": 0.07195031985237792, "Train/grad_norms": 11.026651180403308, "Timing_Stats/Train_Data_Loading": 0.003971493244171143, "Timing_Stats/Train_Process_Batch": 0.0002600590387980143, "Timing_Stats/Train_Train_Batch": 0.037929964065551755, "Timing_Stats/Train_Log_Info": 2.9961268107096354e-06, "Timing_Stats/Train_Epoch": 0.04236762523651123, "System/RAM Usage (MB)": 5080, "_runtime": 45.68607449531555, "_step": 14}