{"Train/prior_loss": 1.8308115843180064, "_timestamp": 1715751602.519379, "Train/offset_loss": 0.0598140542168875, "Train/grad_norms": 6.903094393354041, "Timing_Stats/Train_Data_Loading": 0.004561944802602132, "Timing_Stats/Train_Process_Batch": 0.00028296709060668943, "Timing_Stats/Train_Train_Batch": 0.04135295550028483, "Timing_Stats/Train_Log_Info": 3.1630198160807294e-06, "Timing_Stats/Train_Epoch": 0.046450634797414146, "System/RAM Usage (MB)": 5249, "_runtime": 7106.9117867946625, "_step": 100, "Rollout/Return/Lift": 0.52, "Rollout/Return/Lift/mean": 0.33888888888888885, "Rollout/Return/Lift/std": 0.12709964983293354, "Rollout/Return/Lift/min": 0.1, "Rollout/Return/Lift/max": 0.54, "Rollout/Horizon/Lift": 232.64, "Rollout/Horizon/Lift/mean": 286.6044444444444, "Rollout/Horizon/Lift/std": 42.98674759894964, "Rollout/Horizon/Lift/min": 220.14, "Rollout/Horizon/Lift/max": 369.42, "Rollout/Success_Rate/Lift": 0.52, "Rollout/Success_Rate/Lift/mean": 0.33888888888888885, "Rollout/Success_Rate/Lift/std": 0.12709964983293354, "Rollout/Success_Rate/Lift/min": 0.1, "Rollout/Success_Rate/Lift/max": 0.54, "Rollout/time/Lift": 6.253395752906799, "Rollout/time/Lift/mean": 7.590092855559456, "Rollout/time/Lift/std": 1.0336455783106315, "Rollout/time/Lift/min": 5.971353068351745, "Rollout/time/Lift/max": 9.460164518356324, "Timing_Stats/Rollout_Lift_Episode": 5.211163127422333, "_wandb": {"runtime": 7106}}