{"Train/prior_loss": 3.264926729396898, "_timestamp": 1715980365.202221, "Train/offset_loss": 0.09825408796266634, "Train/grad_norms": 1.1193441000098592, "Timing_Stats/Train_Data_Loading": 0.04394888480504354, "Timing_Stats/Train_Process_Batch": 0.013816356658935547, "Timing_Stats/Train_Train_Batch": 0.4872254649798075, "Timing_Stats/Train_Log_Info": 2.305905024210612e-05, "Timing_Stats/Train_Epoch": 0.5477310697237651, "System/RAM Usage (MB)": 5559, "_runtime": 7044.059506893158, "_step": 159, "Rollout/Return/PickPlaceCan": 0.8, "Rollout/Return/PickPlaceCan/mean": 0.7, "Rollout/Return/PickPlaceCan/std": 0.11547005383792518, "Rollout/Return/PickPlaceCan/min": 0.44, "Rollout/Return/PickPlaceCan/max": 0.8, "Rollout/Horizon/PickPlaceCan": 245.38, "Rollout/Horizon/PickPlaceCan/mean": 259.1266666666667, "Rollout/Horizon/PickPlaceCan/std": 32.51983873132078, "Rollout/Horizon/PickPlaceCan/min": 229.06, "Rollout/Horizon/PickPlaceCan/max": 330.16, "Rollout/Success_Rate/PickPlaceCan": 0.8, "Rollout/Success_Rate/PickPlaceCan/mean": 0.7, "Rollout/Success_Rate/PickPlaceCan/std": 0.11547005383792518, "Rollout/Success_Rate/PickPlaceCan/min": 0.44, "Rollout/Success_Rate/PickPlaceCan/max": 0.8, "Rollout/time/PickPlaceCan": 9.556187558174134, "Rollout/time/PickPlaceCan/mean": 9.269307808876038, "Rollout/time/PickPlaceCan/std": 0.8908898065379016, "Rollout/time/PickPlaceCan/min": 8.06704505443573, "Rollout/time/PickPlaceCan/max": 11.139335598945618, "Timing_Stats/Rollout_PickPlaceCan_Episode": 7.963489631811778}