{"Train/prior_loss": 2.4580531196798234, "_timestamp": 1715744575.294346, "Train/offset_loss": 0.06983439632278075, "Train/grad_norms": 27.34888364627273, "Timing_Stats/Train_Data_Loading": 0.04265921513239543, "Timing_Stats/Train_Process_Batch": 0.0027771910031636556, "Timing_Stats/Train_Train_Batch": 0.39158768256505333, "Timing_Stats/Train_Log_Info": 2.8399626413981118e-05, "Timing_Stats/Train_Epoch": 0.43866380453109743, "System/RAM Usage (MB)": 6575, "_runtime": 382.5241131782532, "_step": 14}