{"Train/prior_loss": 3.2117992846433783, "_timestamp": 1715980586.921731, "Train/offset_loss": 0.05912664711229072, "Train/grad_norms_gpt": 0.9583792095697939, "Train/grad_norms_vae": 0.294942234578787, "Timing_Stats/Train_Data_Loading": 0.018812525272369384, "Timing_Stats/Train_Process_Batch": 0.001083525021870931, "Timing_Stats/Train_Train_Batch": 0.19531807899475098, "Timing_Stats/Train_Log_Info": 1.320044199625651e-05, "Timing_Stats/Train_Epoch": 0.21642514069875082, "System/RAM Usage (MB)": 5256, "_runtime": 2793.9574360847473, "_step": 124, "Rollout/Return/Lift": 0.94, "Rollout/Return/Lift/mean": 0.8099999999999999, "Rollout/Return/Lift/std": 0.11180339887498947, "Rollout/Return/Lift/min": 0.68, "Rollout/Return/Lift/max": 0.94, "Rollout/Horizon/Lift": 158.66, "Rollout/Horizon/Lift/mean": 207.92999999999998, "Rollout/Horizon/Lift/std": 32.843804590820476, "Rollout/Horizon/Lift/min": 158.66, "Rollout/Horizon/Lift/max": 248.3, "Rollout/Success_Rate/Lift": 0.94, "Rollout/Success_Rate/Lift/mean": 0.8099999999999999, "Rollout/Success_Rate/Lift/std": 0.11180339887498947, "Rollout/Success_Rate/Lift/min": 0.68, "Rollout/Success_Rate/Lift/max": 0.94, "Rollout/time/Lift": 5.340522360801697, "Rollout/time/Lift/mean": 6.463404463529587, "Rollout/time/Lift/std": 0.7931062501689032, "Rollout/time/Lift/min": 5.340522360801697, "Rollout/time/Lift/max": 7.512572479248047, "Timing_Stats/Rollout_Lift_Episode": 4.45043530066808}